{
    "acc": 0.5454545454545454,
    "precision": 0.3333333333333333,
    "recall": 0.25,
    "debate_CR": 2.6363636363636362,
    "verdict_G": 3.8181818181818183,
    "advice_AR": 3.272727272727273,
    "advice_G": 3.5454545454545454
}