{
    "acc": 0.5454545454545454,
    "precision": 0.0,
    "recall": 0.0,
    "debate_CR": 3.090909090909091,
    "verdict_G": 4.0,
    "advice_AR": 4.2727272727272725,
    "advice_G": 3.909090909090909
}