{
    "acc": 0.36363636363636365,
    "precision": 0.36363636363636365,
    "recall": 1.0,
    "debate_CR": 2.4545454545454546,
    "verdict_G": 3.727272727272727,
    "advice_AR": 2.727272727272727,
    "advice_G": 3.1818181818181817
}