{
    "acc": 0.5454545454545454,
    "precision": 0.0,
    "recall": 0.0,
    "debate_CR": 2.727272727272727,
    "verdict_G": 4.0,
    "advice_AR": 3.5454545454545454,
    "advice_G": 3.727272727272727
}