{
    "acc": 0.45454545454545453,
    "precision": 0.4,
    "recall": 1.0,
    "debate_CR": 3.0,
    "verdict_G": 3.5454545454545454,
    "advice_AR": 2.727272727272727,
    "advice_G": 2.909090909090909
}