{
    "acc": 0.36363636363636365,
    "precision": 0.2,
    "recall": 0.25,
    "debate_CR": 2.727272727272727,
    "verdict_G": 3.727272727272727,
    "advice_AR": 3.909090909090909,
    "advice_G": 3.6363636363636362
}